#	Name	Type	Height	Weight	BMI
 001	Bulbasaur	GRASS;POISON	2′4″ (0.71m)	15.2 lbs (6.9 kg)	13.7
 002	Ivysaur	GRASS;POISON	3′3″ (0.99m)	28.7 lbs (13.0 kg)	13.3
 003	Venusaur	GRASS;POISON	6′7″ (2.01m)	220.5 lbs (100.0 kg)	24.8
 003	MegaVenusaur	GRASS;POISON	7′6″ (2.29m)	342.8 lbs (155.5 kg)	29.7
 004	Charmander	FIRE	2′0″ (0.61m)	18.7 lbs (8.5 kg)	22.8
 005	Charmeleon	FIRE	3′7″ (1.09m)	41.9 lbs (19.0 kg)	16.0
 006	Charizard	FIRE;FLYING	5′7″ (1.70m)	199.5 lbs (90.5 kg)	31.3
 006	MegaCharizardX	FIRE;DRAGON	5′7″ (1.70m)	243.6 lbs (110.5 kg)	38.2
 006	MegaCharizardY	FIRE;FLYING	5′7″ (1.70m)	221.6 lbs (100.5 kg)	34.8
 007	Squirtle	WATER	1′8″ (0.51m)	19.8 lbs (9.0 kg)	34.6
 008	Wartortle	WATER	3′3″ (0.99m)	49.6 lbs (22.5 kg)	23.0
 009	Blastoise	WATER	5′3″ (1.60m)	188.5 lbs (85.5 kg)	33.4
 009	MegaBlastoise	WATER	5′3″ (1.60m)	222.9 lbs (101.1 kg)	39.5
 010	Caterpie	BUG	1′0″ (0.30m)	6.4 lbs (2.9 kg)	32.2
 011	Metapod	BUG	2′4″ (0.71m)	21.8 lbs (9.9 kg)	19.6
 012	Butterfree	BUG; FLYING	3′7″ (1.09m)	70.5 lbs (32.0 kg)	26.9
 013	Weedle	BUG;POISON	1′0″ (0.30m)	7.1 lbs (3.2 kg)	35.6
 014	Kakuna	BUG;POISON	2′0″ (0.61m)	22 lbs (10.0 kg)	26.9
 015	Beedrill	BUG;POISON	3′3″ (0.99m)	65 lbs (29.5 kg)	30.1
 016	Pidgey	NORMAL;FLYING	1′0″ (0.30m)	4 lbs (1.8 kg)	20.0
 017	Pidgeotto	NORMAL;FLYING	3′7″ (1.09m)	66.1 lbs (30.0 kg)	25.3
 018	Pidgeot	NORMAL;FLYING	4′11″ (1.50m)	87.1 lbs (39.5 kg)	17.6
 019	Rattata	NORMAL	1′0″ (0.30m)	7.7 lbs (3.5 kg)	38.9
 020	Raticate	NORMAL	2′4″ (0.71m)	40.8 lbs (18.5 kg)	36.7
 021	Spearow	NORMAL;FLYING	1′0″ (0.30m)	4.4 lbs (2.0 kg)	22.2
 022	Fearow	NORMAL;FLYING	3′11″ (1.19m)	83.8 lbs (38.0 kg)	26.8
 023	Ekans	POISON	6′7″ (2.01m)	15.2 lbs (6.9 kg)	1.7
 024	Arbok	POISON	11′6″ (3.51m)	143.3 lbs (65.0 kg)	5.3
 025	Pikachu	ELECTRIC	1′4″ (0.41m)	13.2 lbs (6.0 kg)	35.7
 026	Raichu	ELECTRIC	2′7″ (0.79m)	66.1 lbs (30.0 kg)	48.1
 027	Sandshrew	GROUND	2′0″ (0.61m)	26.5 lbs (12.0 kg)	32.2
 028	Sandslash	GROUND	3′3″ (0.99m)	65 lbs (29.5 kg)	30.1
 029	Nidoran♀	POISON	1′4″ (0.41m)	15.4 lbs (7.0 kg)	41.6
 030	Nidorina	POISON	2′7″ (0.79m)	44.1 lbs (20.0 kg)	32.0
 031	Nidoqueen	POISON;GROUND	4′3″ (1.30m)	132.3 lbs (60.0 kg)	35.5
 032	Nidoran♂	POISON	1′8″ (0.51m)	19.8 lbs (9.0 kg)	34.6
 033	Nidorino	POISON	2′11″ (0.89m)	43 lbs (19.5 kg)	24.6
 034	Nidoking	POISON;GROUND	4′7″ (1.40m)	136.7 lbs (62.0 kg)	31.6
 035	Clefairy	FAIRY	2′0″ (0.61m)	16.5 lbs (7.5 kg)	20.2
 036	Clefable	FAIRY	4′3″ (1.30m)	88.2 lbs (40.0 kg)	23.7
 037	Vulpix	FIRE	2′0″ (0.61m)	21.8 lbs (9.9 kg)	26.6
 038	Ninetales	FIRE	3′7″ (1.09m)	43.9 lbs (19.9 kg)	16.7
 039	Jigglypuff	NORMAL;FAIRY	1′8″ (0.51m)	12.1 lbs (5.5 kg)	21.1
 040	Wigglytuff	NORMAL;FAIRY	3′3″ (0.99m)	26.5 lbs (12.0 kg)	12.2
 041	Zubat	POISON;FLYING	2′7″ (0.79m)	16.5 lbs (7.5 kg)	12.0
 042	Golbat	POISON;FLYING	5′3″ (1.60m)	121.3 lbs (55.0 kg)	21.5
 043	Oddish	GRASS;POISON	1′8″ (0.51m)	11.9 lbs (5.4 kg)	20.8
 044	Gloom	GRASS;POISON	2′7″ (0.79m)	19 lbs (8.6 kg)	13.8
 045	Vileplume	GRASS;POISON	3′11″ (1.19m)	41 lbs (18.6 kg)	13.1
 046	Paras	BUG;GRASS	1′0″ (0.30m)	11.9 lbs (5.4 kg)	60.0
 047	Parasect	BUG;GRASS	3′3″ (0.99m)	65 lbs (29.5 kg)	30.1
 048	Venonat	BUG;POISON	3′3″ (0.99m)	66.1 lbs (30.0 kg)	30.6
 049	Venomoth	BUG;POISON	4′11″ (1.50m)	27.6 lbs (12.5 kg)	5.6
 050	Diglett	GROUND	0′8″ (0.20m)	1.8 lbs (0.8 kg)	20.0
 051	Dugtrio	GROUND	2′4″ (0.71m)	73.4 lbs (33.3 kg)	66.1
 052	Meowth	NORMAL	1′4″ (0.41m)	9.3 lbs (4.2 kg)	25.0
 053	Persian	NORMAL	3′3″ (0.99m)	70.5 lbs (32.0 kg)	32.6
 054	Psyduck	WATER	2′7″ (0.79m)	43.2 lbs (19.6 kg)	31.4
 055	Golduck	WATER	5′7″ (1.70m)	168.9 lbs (76.6 kg)	26.5
 056	Mankey	FIGHTING	1′8″ (0.51m)	61.7 lbs (28.0 kg)	107.7
 057	Primeape	FIGHTING	3′3″ (0.99m)	70.5 lbs (32.0 kg)	32.6
 058	Growlithe	FIRE	2′4″ (0.71m)	41.9 lbs (19.0 kg)	37.7
 059	Arcanine	FIRE	6′3″ (1.91m)	341.7 lbs (155.0 kg)	42.5
 060	Poliwag	WATER	2′0″ (0.61m)	27.3 lbs (12.4 kg)	33.3
 061	Poliwhirl	WATER	3′3″ (0.99m)	44.1 lbs (20.0 kg)	20.4
 062	Poliwrath	WATER;FIGHTING	4′3″ (1.30m)	119 lbs (54.0 kg)	32.0
 063	Abra	PSYCHIC	2′11″ (0.89m)	43 lbs (19.5 kg)	24.6
 064	Kadabra	PSYCHIC	4′3″ (1.30m)	124.6 lbs (56.5 kg)	33.4
 065	Alakazam	PSYCHIC	4′11″ (1.50m)	105.8 lbs (48.0 kg)	21.3
 065	MegaAlakazam	PSYCHIC	3′11″ (1.19m)	105.8 lbs (48.0 kg)	33.9
 066	Machop	FIGHTING	2′7″ (0.79m)	43 lbs (19.5 kg)	31.2
 067	Machoke	FIGHTING	4′11″ (1.50m)	155.4 lbs (70.5 kg)	31.3
 068	Machamp	FIGHTING	5′3″ (1.60m)	286.6 lbs (130.0 kg)	50.8
 069	Bellsprout	GRASS;POISON	2′4″ (0.71m)	8.8 lbs (4.0 kg)	7.9
 070	Weepinbell	GRASS;POISON	3′3″ (0.99m)	14.1 lbs (6.4 kg)	6.5
 071	Victreebel	GRASS;POISON	5′7″ (1.70m)	34.2 lbs (15.5 kg)	5.4
 072	Tentacool	WATER;POISON	2′11″ (0.89m)	100.3 lbs (45.5 kg)	57.4
 073	Tentacruel	WATER;POISON	5′3″ (1.60m)	121.3 lbs (55.0 kg)	21.5
 074	Geodude	ROCK;GROUND	1′4″ (0.41m)	44.1 lbs (20.0 kg)	119.0
 075	Graveler	ROCK;GROUND	3′3″ (0.99m)	231.5 lbs (105.0 kg)	107.1
 076	Golem	ROCK;GROUND	4′7″ (1.40m)	661.4 lbs (300.0 kg)	153.1
 077	Ponyta	FIRE	3′3″ (0.99m)	66.1 lbs (30.0 kg)	30.6
 078	Rapidash	FIRE	5′7″ (1.70m)	209.4 lbs (95.0 kg)	32.9
 079	Slowpoke	WATER;PSYCHIC	3′11″ (1.19m)	79.4 lbs (36.0 kg)	25.4
 080	Slowbro	WATER;PSYCHIC	5′3″ (1.60m)	173.1 lbs (78.5 kg)	30.7
 081	Magnemite	ELECTRIC;STEEL	1′0″ (0.30m)	13.2 lbs (6.0 kg)	66.7
 082	Magneton	ELECTRIC;STEEL	3′3″ (0.99m)	132.3 lbs (60.0 kg)	61.2
 083	Farfetch'd	NORMAL;FLYING	2′7″ (0.79m)	33.1 lbs (15.0 kg)	24.0
 084	Doduo	NORMAL;FLYING	4′7″ (1.40m)	86.4 lbs (39.2 kg)	20.0
 085	Dodrio	NORMAL;FLYING	5′11″ (1.80m)	187.8 lbs (85.2 kg)	26.3
 086	Seel	WATER	3′7″ (1.09m)	198.4 lbs (90.0 kg)	75.8
 087	Dewgong	WATER;ICE	5′7″ (1.70m)	264.6 lbs (120.0 kg)	41.5
 088	Grimer	POISON	2′11″ (0.89m)	66.1 lbs (30.0 kg)	37.9
 089	Muk	POISON	3′11″ (1.19m)	66.1 lbs (30.0 kg)	21.2
 090	Shellder	WATER	1′0″ (0.30m)	8.8 lbs (4.0 kg)	44.4
 091	Cloyster	WATER;ICE	4′11″ (1.50m)	292.1 lbs (132.5 kg)	58.9
 092	Gastly	GHOST;POISON	4′3″ (1.30m)	0.2 lbs (0.1 kg)	0.1
 093	Haunter	GHOST;POISON	5′3″ (1.60m)	0.2 lbs (0.1 kg)	0.0
 094	Gengar	GHOST;POISON	4′11″ (1.50m)	89.3 lbs (40.5 kg)	18.0
 094	MegaGengar	GHOST;POISON	4′7″ (1.40m)	89.3 lbs (40.5 kg)	20.7
 095	Onix	ROCK;GROUND	28′10″ (8.79m)	463 lbs (210.0 kg)	2.7
 096	Drowzee	PSYCHIC	3′3″ (0.99m)	71.4 lbs (32.4 kg)	33.1
 097	Hypno	PSYCHIC	5′3″ (1.60m)	166.7 lbs (75.6 kg)	29.5
 098	Krabby	WATER	1′4″ (0.41m)	14.3 lbs (6.5 kg)	38.7
 099	Kingler	WATER	4′3″ (1.30m)	132.3 lbs (60.0 kg)	35.5
 100	Voltorb	ELECTRIC	1′8″ (0.51m)	22.9 lbs (10.4 kg)	40.0
 101	Electrode	ELECTRIC	3′11″ (1.19m)	146.8 lbs (66.6 kg)	47.0
 102	Exeggcute	GRASS;PSYCHIC	1′4″ (0.41m)	5.5 lbs (2.5 kg)	14.9
 103	Exeggutor	GRASS;PSYCHIC	6′7″ (2.01m)	264.6 lbs (120.0 kg)	29.7
 104	Cubone	GROUND	1′4″ (0.41m)	14.3 lbs (6.5 kg)	38.7
 105	Marowak	GROUND	3′3″ (0.99m)	99.2 lbs (45.0 kg)	45.9
 106	Hitmonlee	FIGHTING	4′11″ (1.50m)	109.8 lbs (49.8 kg)	22.1
 107	Hitmonchan	FIGHTING	4′7″ (1.40m)	110.7 lbs (50.2 kg)	25.6
 108	Lickitung	NORMAL	3′11″ (1.19m)	144.4 lbs (65.5 kg)	46.3
 109	Koffing	POISON	2′0″ (0.61m)	2.2 lbs (1.0 kg)	2.7
 110	Weezing	POISON	3′11″ (1.19m)	20.9 lbs (9.5 kg)	6.7
 111	Rhyhorn	GROUND;ROCK	3′3″ (0.99m)	253.5 lbs (115.0 kg)	117.3
 112	Rhydon	GROUND;ROCK	6′3″ (1.91m)	264.6 lbs (120.0 kg)	32.9
 113	Chansey	NORMAL	3′7″ (1.09m)	76.3 lbs (34.6 kg)	29.1
 114	Tangela	GRASS	3′3″ (0.99m)	77.2 lbs (35.0 kg)	35.7
 115	Kangaskhan	NORMAL	7′3″ (2.21m)	176.4 lbs (80.0 kg)	16.4
 115	MegaKangaskhan	NORMAL	7′3″ (2.21m)	220.5 lbs (100.0 kg)	20.5
 116	Horsea	WATER	1′4″ (0.41m)	17.6 lbs (8.0 kg)	47.6
 117	Seadra	WATER	3′11″ (1.19m)	55.1 lbs (25.0 kg)	17.7
 118	Goldeen	WATER	2′0″ (0.61m)	33.1 lbs (15.0 kg)	40.3
 119	Seaking	WATER	4′3″ (1.30m)	86 lbs (39.0 kg)	23.1
 120	Staryu	WATER	2′7″ (0.79m)	76.1 lbs (34.5 kg)	55.3
 121	Starmie	WATER;PSYCHIC	3′7″ (1.09m)	176.4 lbs (80.0 kg)	67.3
 122	MrMime	PSYCHIC;FAIRY	4′3″ (1.30m)	120.2 lbs (54.5 kg)	32.2
 123	Scyther	BUG;FLYING	4′11″ (1.50m)	123.5 lbs (56.0 kg)	24.9
 124	Jynx	ICE;PSYCHIC	4′7″ (1.40m)	89.5 lbs (40.6 kg)	20.7
 125	Electabuzz	ELECTRIC	3′7″ (1.09m)	66.1 lbs (30.0 kg)	25.3
 126	Magmar	FIRE	4′3″ (1.30m)	98.1 lbs (44.5 kg)	26.3
 127	Pinsir	BUG	4′11″ (1.50m)	121.3 lbs (55.0 kg)	24.4
 127	MegaPinsir	BUG;FLYING	5′7″ (1.70m)	130.1 lbs (59.0 kg)	20.4
 128	Tauros	NORMAL	4′7″ (1.40m)	194.9 lbs (88.4 kg)	45.1
 129	Magikarp	WATER	2′11″ (0.89m)	22 lbs (10.0 kg)	12.6
 130	Gyarados	WATER;FLYING	21′4″ (6.50m)	518.1 lbs (235.0 kg)	5.6
 130	MegaGyarados	WATER;DARK	21′4″ (6.50m)	672.4 lbs (305.0 kg)	7.2
 131	Lapras	WATER;ICE	8′2″ (2.49m)	485 lbs (220.0 kg)	35.5
 132	Ditto	NORMAL	1′0″ (0.30m)	8.8 lbs (4.0 kg)	44.4
 133	Eevee	NORMAL	1′0″ (0.30m)	14.3 lbs (6.5 kg)	72.2
 134	Vaporeon	WATER	3′3″ (0.99m)	63.9 lbs (29.0 kg)	29.6
 135	Jolteon	ELECTRIC	2′7″ (0.79m)	54 lbs (24.5 kg)	39.3
 136	Flareon	FIRE	2′11″ (0.89m)	55.1 lbs (25.0 kg)	31.6
 137	Porygon	NORMAL	2′7″ (0.79m)	80.5 lbs (36.5 kg)	58.5
 138	Omanyte	ROCK;WATER	1′4″ (0.41m)	16.5 lbs (7.5 kg)	44.6
 139	Omastar	ROCK;WATER	3′3″ (0.99m)	77.2 lbs (35.0 kg)	35.7
 140	Kabuto	ROCK;WATER	1′8″ (0.51m)	25.4 lbs (11.5 kg)	44.2
 141	Kabutops	ROCK;WATER	4′3″ (1.30m)	89.3 lbs (40.5 kg)	24.0
 142	Aerodactyl	ROCK;FLYING	5′11″ (1.80m)	130.1 lbs (59.0 kg)	18.2
 142	MegaAerodactyl	ROCK;FLYING	6′11″ (2.11m)	174.2 lbs (79.0 kg)	17.7
 143	Snorlax	NORMAL	6′11″ (2.11m)	1014.1 lbs (460.0 kg)	103.3
 144	Articuno	ICE;FLYING	5′7″ (1.70m)	122.1 lbs (55.4 kg)	19.2
 145	Zapdos	ELECTRIC;FLYING	5′3″ (1.60m)	116 lbs (52.6 kg)	20.5
 146	Moltres	FIRE;FLYING	6′7″ (2.01m)	132.3 lbs (60.0 kg)	14.9
 147	Dratini	DRAGON	5′11″ (1.80m)	7.3 lbs (3.3 kg)	1.0
 148	Dragonair	DRAGON	13′1″ (3.99m)	36.4 lbs (16.5 kg)	1.0
 149	Dragonite	DRAGON;FLYING	7′3″ (2.21m)	463 lbs (210.0 kg)	43.0
 150	Mewtwo	PSYCHIC	6′7″ (2.01m)	269 lbs (122.0 kg)	30.2
 150	MegaMewtwoX	PSYCHIC;FIGHTING	7′7″ (2.31m)	280 lbs (127.0 kg)	23.8
 150	MegaMewtwoY	PSYCHIC	4′11″ (1.50m)	72.8 lbs (33.0 kg)	14.7
 151	Mew	PSYCHIC	1′4″ (0.41m)	8.8 lbs (4.0 kg)	23.8
 152	Chikorita	GRASS	2′11″ (0.89m)	14.1 lbs (6.4 kg)	8.1
 153	Bayleef	GRASS	3′11″ (1.19m)	34.8 lbs (15.8 kg)	11.2
 154	Meganium	GRASS	5′11″ (1.80m)	221.6 lbs (100.5 kg)	31.0
 155	Cyndaquil	FIRE	1′8″ (0.51m)	17.4 lbs (7.9 kg)	30.4
 156	Quilava	FIRE	2′11″ (0.89m)	41.9 lbs (19.0 kg)	24.0
 157	Typhlosion	FIRE	5′7″ (1.70m)	175.3 lbs (79.5 kg)	27.5
 158	Totodile	WATER	2′0″ (0.61m)	20.9 lbs (9.5 kg)	25.5
 159	Croconaw	WATER	3′7″ (1.09m)	55.1 lbs (25.0 kg)	21.0
 160	Feraligatr	WATER	7′7″ (2.31m)	195.8 lbs (88.8 kg)	16.6
 161	Sentret	NORMAL	2′7″ (0.79m)	13.2 lbs (6.0 kg)	9.6
 162	Furret	NORMAL	5′11″ (1.80m)	71.7 lbs (32.5 kg)	10.0
 163	Hoothoot	NORMAL;FLYING	2′4″ (0.71m)	46.7 lbs (21.2 kg)	42.1
 164	Noctowl	NORMAL;FLYING	5′3″ (1.60m)	89.9 lbs (40.8 kg)	15.9
 165	Ledyba	BUG;FLYING	3′3″ (0.99m)	23.8 lbs (10.8 kg)	11.0
 166	Ledian	BUG;FLYING	4′7″ (1.40m)	78.5 lbs (35.6 kg)	18.2
 167	Spinarak	BUG;POISON	1′8″ (0.51m)	18.7 lbs (8.5 kg)	32.7
 168	Ariados	BUG;POISON	3′7″ (1.09m)	73.9 lbs (33.5 kg)	28.2
 169	Crobat	POISON;FLYING	5′11″ (1.80m)	165.3 lbs (75.0 kg)	23.1
 170	Chinchou	WATER;ELECTRIC	1′8″ (0.51m)	26.5 lbs (12.0 kg)	46.1
 171	Lanturn	WATER;ELECTRIC	3′11″ (1.19m)	49.6 lbs (22.5 kg)	15.9
 172	Pichu	ELECTRIC	1′0″ (0.30m)	4.4 lbs (2.0 kg)	22.2
 173	Cleffa	FAIRY	1′0″ (0.30m)	6.6 lbs (3.0 kg)	33.3
 174	Igglybuff	NORMAL;FAIRY	1′0″ (0.30m)	2.2 lbs (1.0 kg)	11.1
 175	Togepi	FAIRY	1′0″ (0.30m)	3.3 lbs (1.5 kg)	16.7
 176	Togetic	FAIRY;FLYING	2′0″ (0.61m)	7.1 lbs (3.2 kg)	8.6
 177	Natu	PSYCHIC;FLYING	0′8″ (0.20m)	4.4 lbs (2.0 kg)	50.0
 178	Xatu	PSYCHIC;FLYING	4′11″ (1.50m)	33.1 lbs (15.0 kg)	6.7
 179	Mareep	ELECTRIC	2′0″ (0.61m)	17.2 lbs (7.8 kg)	21.0
 180	Flaaffy	ELECTRIC	2′7″ (0.79m)	29.3 lbs (13.3 kg)	21.3
 181	Ampharos	ELECTRIC	4′7″ (1.40m)	135.6 lbs (61.5 kg)	31.4
 181	MegaAmpharos	ELECTRIC;DRAGON	4′7″ (1.40m)	135.6 lbs (61.5 kg)	31.4
 182	Bellossom	GRASS	1′4″ (0.41m)	12.8 lbs (5.8 kg)	34.5
 183	Marill	WATER;FAIRY	1′4″ (0.41m)	18.7 lbs (8.5 kg)	50.6
 184	Azumarill	WATER;FAIRY	2′7″ (0.79m)	62.8 lbs (28.5 kg)	45.7
 185	Sudowoodo	ROCK	3′11″ (1.19m)	83.8 lbs (38.0 kg)	26.8
 186	Politoed	WATER	3′7″ (1.09m)	74.7 lbs (33.9 kg)	28.5
 187	Hoppip	GRASS;FLYING	1′4″ (0.41m)	1.1 lbs (0.5 kg)	3.0
 188	Skiploom	GRASS;FLYING	2′0″ (0.61m)	2.2 lbs (1.0 kg)	2.7
 189	Jumpluff	GRASS;FLYING	2′7″ (0.79m)	6.6 lbs (3.0 kg)	4.8
 190	Aipom	NORMAL	2′7″ (0.79m)	25.4 lbs (11.5 kg)	18.4
 191	Sunkern	GRASS	1′0″ (0.30m)	4 lbs (1.8 kg)	20.0
 192	Sunflora	GRASS	2′7″ (0.79m)	18.7 lbs (8.5 kg)	13.6
 193	Yanma	BUG;FLYING	3′11″ (1.19m)	83.8 lbs (38.0 kg)	26.8
 194	Wooper	WATER;GROUND	1′4″ (0.41m)	18.7 lbs (8.5 kg)	50.6
 195	Quagsire	WATER;GROUND	4′7″ (1.40m)	165.3 lbs (75.0 kg)	38.3
 196	Espeon	PSYCHIC	2′11″ (0.89m)	58.4 lbs (26.5 kg)	33.5
 197	Umbreon	DARK	3′3″ (0.99m)	59.5 lbs (27.0 kg)	27.5
 198	Murkrow	DARK;FLYING	1′8″ (0.51m)	4.6 lbs (2.1 kg)	8.1
 199	Slowking	WATER;PSYCHIC	6′7″ (2.01m)	175.3 lbs (79.5 kg)	19.7
 200	Misdreavus	GHOST	2′4″ (0.71m)	2.2 lbs (1.0 kg)	2.0
 201	Unown	PSYCHIC	1′8″ (0.51m)	11 lbs (5.0 kg)	19.2
 202	Wobbuffet	PSYCHIC	4′3″ (1.30m)	62.8 lbs (28.5 kg)	16.9
 203	Girafarig	NORMAL;PSYCHIC	4′11″ (1.50m)	91.5 lbs (41.5 kg)	18.4
 204	Pineco	BUG	2′0″ (0.61m)	15.9 lbs (7.2 kg)	19.3
 205	Forretress	BUG;STEEL	3′11″ (1.19m)	277.3 lbs (125.8 kg)	88.8
 206	Dunsparce	NORMAL	4′11″ (1.50m)	30.9 lbs (14.0 kg)	6.2
 207	Gligar	GROUND;FLYING	3′7″ (1.09m)	142.9 lbs (64.8 kg)	54.5
 208	Steelix	STEEL;GROUND	30′2″ (9.19m)	881.8 lbs (400.0 kg)	4.7
 209	Snubbull	FAIRY	2′0″ (0.61m)	17.2 lbs (7.8 kg)	21.0
 210	Granbull	FAIRY	4′7″ (1.40m)	107.4 lbs (48.7 kg)	24.8
 211	Qwilfish	WATER;POISON	1′8″ (0.51m)	8.6 lbs (3.9 kg)	15.0
 212	Scizor	BUG;STEEL	5′11″ (1.80m)	260.1 lbs (118.0 kg)	36.4
 212	MegaScizor	BUG;STEEL	6′7″ (2.01m)	275.6 lbs (125.0 kg)	30.9
 213	Shuckle	BUG;ROCK	2′0″ (0.61m)	45.2 lbs (20.5 kg)	55.1
 214	Heracross	BUG;FIGHTING	4′11″ (1.50m)	119 lbs (54.0 kg)	24.0
 214	MegaHeracross	BUG;FIGHTING	5′7″ (1.70m)	137.8 lbs (62.5 kg)	21.6
 215	Sneasel	DARK;ICE	2′11″ (0.89m)	61.7 lbs (28.0 kg)	35.3
 216	Teddiursa	NORMAL	2′0″ (0.61m)	19.4 lbs (8.8 kg)	23.6
 217	Ursaring	NORMAL	5′11″ (1.80m)	277.3 lbs (125.8 kg)	38.8
 218	Slugma	FIRE	2′4″ (0.71m)	77.2 lbs (35.0 kg)	69.4
 219	Magcargo	FIRE;ROCK	2′7″ (0.79m)	121.3 lbs (55.0 kg)	88.1
 220	Swinub	ICE;GROUND	1′4″ (0.41m)	14.3 lbs (6.5 kg)	38.7
 221	Piloswine	ICE;GROUND	3′7″ (1.09m)	123 lbs (55.8 kg)	47.0
 222	Corsola	WATER;ROCK	2′0″ (0.61m)	11 lbs (5.0 kg)	13.4
 223	Remoraid	WATER	2′0″ (0.61m)	26.5 lbs (12.0 kg)	32.2
 224	Octillery	WATER	2′11″ (0.89m)	62.8 lbs (28.5 kg)	36.0
 225	Delibird	ICE;FLYING	2′11″ (0.89m)	35.3 lbs (16.0 kg)	20.2
 226	Mantine	WATER;FLYING	6′11″ (2.11m)	485 lbs (220.0 kg)	49.4
 227	Skarmory	STEEL;FLYING	5′7″ (1.70m)	111.3 lbs (50.5 kg)	17.5
 228	Houndour	DARK;FIRE	2′0″ (0.61m)	23.8 lbs (10.8 kg)	29.0
 229	Houndoom	DARK;FIRE	4′7″ (1.40m)	77.2 lbs (35.0 kg)	17.9
 229	MegaHoundoom	DARK;FIRE	6′3″ (1.91m)	109.1 lbs (49.5 kg)	13.6
 230	Kingdra	WATER;DRAGON	5′11″ (1.80m)	335.1 lbs (152.0 kg)	46.9
 231	Phanpy	GROUND	1′8″ (0.51m)	73.9 lbs (33.5 kg)	128.8
 232	Donphan	GROUND	3′7″ (1.09m)	264.6 lbs (120.0 kg)	101.0
 233	Porygon2	NORMAL	2′0″ (0.61m)	71.7 lbs (32.5 kg)	87.3
 234	Stantler	NORMAL	4′7″ (1.40m)	157 lbs (71.2 kg)	36.3
 235	Smeargle	NORMAL	3′11″ (1.19m)	127.9 lbs (58.0 kg)	41.0
 236	Tyrogue	FIGHTING	2′4″ (0.71m)	46.3 lbs (21.0 kg)	41.7
 237	Hitmontop	FIGHTING	4′7″ (1.40m)	105.8 lbs (48.0 kg)	24.5
 238	Smoochum	ICE;PSYCHIC	1′4″ (0.41m)	13.2 lbs (6.0 kg)	35.7
 239	Elekid	ELECTRIC	2′0″ (0.61m)	51.8 lbs (23.5 kg)	63.2
 240	Magby	FIRE	2′4″ (0.71m)	47.2 lbs (21.4 kg)	42.5
 241	Miltank	NORMAL	3′11″ (1.19m)	166.4 lbs (75.5 kg)	53.3
 242	Blissey	NORMAL	4′11″ (1.50m)	103.2 lbs (46.8 kg)	20.8
 243	Raikou	ELECTRIC	6′3″ (1.91m)	392.4 lbs (178.0 kg)	48.8
 244	Entei	FIRE	6′11″ (2.11m)	436.5 lbs (198.0 kg)	44.5
 245	Suicune	WATER	6′7″ (2.01m)	412.3 lbs (187.0 kg)	46.3
 246	Larvitar	ROCK;GROUND	2′0″ (0.61m)	158.7 lbs (72.0 kg)	193.5
 247	Pupitar	ROCK;GROUND	3′11″ (1.19m)	335.1 lbs (152.0 kg)	107.3
 248	Tyranitar	ROCK;DARK	6′7″ (2.01m)	445.3 lbs (202.0 kg)	50.0
 248	MegaTyranitar	ROCK;DARK	8′2″ (2.49m)	562.2 lbs (255.0 kg)	41.1
 249	Lugia	PSYCHIC;FLYING	17′1″ (5.21m)	476.2 lbs (216.0 kg)	8.0
 250	Ho-oh	FIRE;FLYING	12′6″ (3.81m)	438.7 lbs (199.0 kg)	13.7
 251	Celebi	PSYCHIC;GRASS	2′0″ (0.61m)	11 lbs (5.0 kg)	13.4
 252	Treecko	GRASS	1′8″ (0.51m)	11 lbs (5.0 kg)	19.2
 253	Grovyle	GRASS	2′11″ (0.89m)	47.6 lbs (21.6 kg)	27.3
 254	Sceptile	GRASS	5′7″ (1.70m)	115.1 lbs (52.2 kg)	18.1
 255	Torchic	FIRE	1′4″ (0.41m)	5.5 lbs (2.5 kg)	14.9
 256	Combusken	FIRE;FIGHTING	2′11″ (0.89m)	43 lbs (19.5 kg)	24.6
 257	Blaziken	FIRE;FIGHTING	6′3″ (1.91m)	114.6 lbs (52.0 kg)	14.3
 257	MegaBlaziken	FIRE;FIGHTING	6′3″ (1.91m)	114.6 lbs (52.0 kg)	14.3
 258	Mudkip	WATER	1′4″ (0.41m)	16.8 lbs (7.6 kg)	45.2
 259	Marshtomp	WATER;GROUND	2′4″ (0.71m)	61.7 lbs (28.0 kg)	55.5
 260	Swampert	WATER;GROUND	4′11″ (1.50m)	180.6 lbs (81.9 kg)	36.4
 261	Poochyena	DARK	1′8″ (0.51m)	30 lbs (13.6 kg)	52.3
 262	Mightyena	DARK	3′3″ (0.99m)	81.6 lbs (37.0 kg)	37.8
 263	Zigzagoon	NORMAL	1′4″ (0.41m)	38.6 lbs (17.5 kg)	104.1
 264	Linoone	NORMAL	1′8″ (0.51m)	71.7 lbs (32.5 kg)	125.0
 265	Wurmple	BUG	1′0″ (0.30m)	7.9 lbs (3.6 kg)	40.0
 266	Silcoon	BUG	2′0″ (0.61m)	22 lbs (10.0 kg)	26.9
 267	Beautifly	BUG;FLYING	3′3″ (0.99m)	62.6 lbs (28.4 kg)	29.0
 268	Cascoon	BUG	2′4″ (0.71m)	25.4 lbs (11.5 kg)	22.8
 269	Dustox	BUG;POISON	3′11″ (1.19m)	69.7 lbs (31.6 kg)	22.3
 270	Lotad	WATER;GRASS	1′8″ (0.51m)	5.7 lbs (2.6 kg)	10.0
 271	Lombre	WATER;GRASS	3′11″ (1.19m)	71.7 lbs (32.5 kg)	23.0
 272	Ludicolo	WATER;GRASS	4′11″ (1.50m)	121.3 lbs (55.0 kg)	24.4
 273	Seedot	GRASS	1′8″ (0.51m)	8.8 lbs (4.0 kg)	15.4
 274	Nuzleaf	GRASS;DARK	3′3″ (0.99m)	61.7 lbs (28.0 kg)	28.6
 275	Shiftry	GRASS;DARK	4′3″ (1.30m)	131.4 lbs (59.6 kg)	35.3
 276	Taillow	NORMAL;FLYING	1′0″ (0.30m)	5.1 lbs (2.3 kg)	25.6
 277	Swellow	NORMAL;FLYING	2′4″ (0.71m)	43.7 lbs (19.8 kg)	39.3
 278	Wingull	WATER;FLYING	2′0″ (0.61m)	20.9 lbs (9.5 kg)	25.5
 279	Pelipper	WATER;FLYING	3′11″ (1.19m)	61.7 lbs (28.0 kg)	19.8
 280	Ralts	PSYCHIC;FAIRY	1′4″ (0.41m)	14.6 lbs (6.6 kg)	39.3
 281	Kirlia	PSYCHIC;FAIRY	2′7″ (0.79m)	44.5 lbs (20.2 kg)	32.4
 282	Gardevoir	PSYCHIC;FAIRY	5′3″ (1.60m)	106.7 lbs (48.4 kg)	18.9
 282	MegaGardevoir	PSYCHIC;FAIRY	5′3″ (1.60m)	106.7 lbs (48.4 kg)	18.9
 283	Surskit	BUG;WATER	1′8″ (0.51m)	3.7 lbs (1.7 kg)	6.5
 284	Masquerain	BUG;FLYING	2′7″ (0.79m)	7.9 lbs (3.6 kg)	5.8
 285	Shroomish	GRASS	1′4″ (0.41m)	9.9 lbs (4.5 kg)	26.8
 286	Breloom	GRASS;FIGHTING	3′11″ (1.19m)	86.4 lbs (39.2 kg)	27.7
 287	Slakoth	NORMAL	2′7″ (0.79m)	52.9 lbs (24.0 kg)	38.5
 288	Vigoroth	NORMAL	4′7″ (1.40m)	102.5 lbs (46.5 kg)	23.7
 289	Slaking	NORMAL	6′7″ (2.01m)	287.7 lbs (130.5 kg)	32.3
 290	Nincada	BUG;GROUND	1′8″ (0.51m)	12.1 lbs (5.5 kg)	21.1
 291	Ninjask	BUG;FLYING	2′7″ (0.79m)	26.5 lbs (12.0 kg)	19.2
 292	Shedinja	BUG;GHOST	2′7″ (0.79m)	2.6 lbs (1.2 kg)	1.9
 293	Whismur	NORMAL	2′0″ (0.61m)	35.9 lbs (16.3 kg)	43.8
 294	Loudred	NORMAL	3′3″ (0.99m)	89.3 lbs (40.5 kg)	41.3
 295	Exploud	NORMAL	4′11″ (1.50m)	185.2 lbs (84.0 kg)	37.3
 296	Makuhita	FIGHTING	3′3″ (0.99m)	190.5 lbs (86.4 kg)	88.2
 297	Hariyama	FIGHTING	7′7″ (2.31m)	559.5 lbs (253.8 kg)	47.6
 298	Azurill	NORMAL;FAIRY	0′8″ (0.20m)	4.4 lbs (2.0 kg)	50.0
 299	Nosepass	ROCK	3′3″ (0.99m)	213.8 lbs (97.0 kg)	99.0
 300	Skitty	NORMAL	2′0″ (0.61m)	24.3 lbs (11.0 kg)	29.6
 301	Delcatty	NORMAL	3′7″ (1.09m)	71.9 lbs (32.6 kg)	27.4
 302	Sableye	DARK;GHOST	1′8″ (0.51m)	24.3 lbs (11.0 kg)	42.3
 303	Mawile	STEEL;FAIRY	2′0″ (0.61m)	25.4 lbs (11.5 kg)	30.9
 303	MegaMawile	STEEL;FAIRY	3′3″ (0.99m)	51.8 lbs (23.5 kg)	24.0
 304	Aron	STEEL;ROCK	1′4″ (0.41m)	132.3 lbs (60.0 kg)	356.9
 305	Lairon	STEEL;ROCK	2′11″ (0.89m)	264.6 lbs (120.0 kg)	151.5
 306	Aggron	STEEL;ROCK	6′11″ (2.11m)	793.7 lbs (360.0 kg)	80.9
 306	MegaAggron	STEEL	7′3″ (2.21m)	870.8 lbs (395.0 kg)	80.9
 307	Meditite	FIGHTING;PSYCHIC	2′0″ (0.61m)	24.7 lbs (11.2 kg)	30.1
 308	Medicham	FIGHTING;PSYCHIC	4′3″ (1.30m)	69.4 lbs (31.5 kg)	18.6
 308	MegaMedicham	FIGHTING;PSYCHIC	4′3″ (1.30m)	69.4 lbs (31.5 kg)	18.6
 309	Electrike	ELECTRIC	2′0″ (0.61m)	33.5 lbs (15.2 kg)	40.8
 310	Manectric	ELECTRIC	4′11″ (1.50m)	88.6 lbs (40.2 kg)	17.9
 310	MegaManectric	ELECTRIC	5′11″ (1.80m)	97 lbs (44.0 kg)	13.6
 311	Plusle	ELECTRIC	1′4″ (0.41m)	9.3 lbs (4.2 kg)	25.0
 312	Minun	ELECTRIC	1′4″ (0.41m)	9.3 lbs (4.2 kg)	25.0
 313	Volbeat	BUG	2′4″ (0.71m)	39 lbs (17.7 kg)	35.1
 314	Illumise	BUG	2′0″ (0.61m)	39 lbs (17.7 kg)	47.6
 315	Roselia	GRASS;POISON	1′0″ (0.30m)	4.4 lbs (2.0 kg)	22.2
 316	Gulpin	POISON	1′4″ (0.41m)	22.7 lbs (10.3 kg)	61.3
 317	Swalot	POISON	5′7″ (1.70m)	176.4 lbs (80.0 kg)	27.7
 318	Carvanha	WATER;DARK	2′7″ (0.79m)	45.9 lbs (20.8 kg)	33.3
 319	Sharpedo	WATER;DARK	5′11″ (1.80m)	195.8 lbs (88.8 kg)	27.4
 320	Wailmer	WATER	6′7″ (2.01m)	286.6 lbs (130.0 kg)	32.2
 321	Wailord	WATER	47′7″ (14.50m)	877.4 lbs (398.0 kg)	1.9
 322	Numel	FIRE;GROUND	2′4″ (0.71m)	52.9 lbs (24.0 kg)	47.6
 323	Camerupt	FIRE;GROUND	6′3″ (1.91m)	485 lbs (220.0 kg)	60.3
 324	Torkoal	FIRE	1′8″ (0.51m)	177.3 lbs (80.4 kg)	309.1
 325	Spoink	PSYCHIC	2′4″ (0.71m)	67.5 lbs (30.6 kg)	60.7
 326	Grumpig	PSYCHIC	2′11″ (0.89m)	157.6 lbs (71.5 kg)	90.3
 327	Spinda	NORMAL	3′7″ (1.09m)	11 lbs (5.0 kg)	4.2
 328	Trapinch	GROUND	2′4″ (0.71m)	33.1 lbs (15.0 kg)	29.8
 329	Vibrava	GROUND;DRAGON	3′7″ (1.09m)	33.7 lbs (15.3 kg)	12.9
 330	Flygon	GROUND;DRAGON	6′7″ (2.01m)	180.8 lbs (82.0 kg)	20.3
 331	Cacnea	GRASS	1′4″ (0.41m)	113.1 lbs (51.3 kg)	305.2
 332	Cacturne	GRASS;DARK	4′3″ (1.30m)	170.6 lbs (77.4 kg)	45.8
 333	Swablu	NORMAL;FLYING	1′4″ (0.41m)	2.6 lbs (1.2 kg)	7.1
 334	Altaria	DRAGON;FLYING	3′7″ (1.09m)	45.4 lbs (20.6 kg)	17.3
 335	Zangoose	NORMAL	4′3″ (1.30m)	88.8 lbs (40.3 kg)	23.8
 336	Seviper	POISON	8′10″ (2.69m)	115.7 lbs (52.5 kg)	7.3
 337	Lunatone	ROCK;PSYCHIC	3′3″ (0.99m)	370.4 lbs (168.0 kg)	171.4
 338	Solrock	ROCK;PSYCHIC	3′11″ (1.19m)	339.5 lbs (154.0 kg)	108.7
 339	Barboach	WATER;GROUND	1′4″ (0.41m)	4.2 lbs (1.9 kg)	11.3
 340	Whiscash	WATER;GROUND	2′11″ (0.89m)	52 lbs (23.6 kg)	29.8
 341	Corphish	WATER	2′0″ (0.61m)	25.4 lbs (11.5 kg)	30.9
 342	Crawdaunt	WATER;DARK	3′7″ (1.09m)	72.3 lbs (32.8 kg)	27.6
 343	Baltoy	GROUND;PSYCHIC	1′8″ (0.51m)	47.4 lbs (21.5 kg)	82.7
 344	Claydol	GROUND;PSYCHIC	4′11″ (1.50m)	238.1 lbs (108.0 kg)	48.0
 345	Lileep	ROCK;GRASS	3′3″ (0.99m)	52.5 lbs (23.8 kg)	24.3
 346	Cradily	ROCK;GRASS	4′11″ (1.50m)	133.2 lbs (60.4 kg)	26.8
 347	Anorith	ROCK;BUG	2′4″ (0.71m)	27.6 lbs (12.5 kg)	24.8
 348	Armaldo	ROCK;BUG	4′11″ (1.50m)	150.4 lbs (68.2 kg)	30.3
 349	Feebas	WATER	2′0″ (0.61m)	16.3 lbs (7.4 kg)	19.9
 350	Milotic	WATER	20′4″ (6.20m)	357.1 lbs (162.0 kg)	4.2
 351	Castform	NORMAL	1′0″ (0.30m)	1.8 lbs (0.8 kg)	8.9
 352	Kecleon	NORMAL	3′3″ (0.99m)	48.5 lbs (22.0 kg)	22.4
 353	Shuppet	GHOST	2′0″ (0.61m)	5.1 lbs (2.3 kg)	6.2
 354	Banette	GHOST	3′7″ (1.09m)	27.6 lbs (12.5 kg)	10.5
 354	MegaBanette	GHOST	3′11″ (1.19m)	28.7 lbs (13.0 kg)	9.2
 355	Duskull	GHOST	2′7″ (0.79m)	33.1 lbs (15.0 kg)	24.0
 356	Dusclops	GHOST	5′3″ (1.60m)	67.5 lbs (30.6 kg)	12.0
 357	Tropius	GRASS;FLYING	6′7″ (2.01m)	220.5 lbs (100.0 kg)	24.8
 358	Chimecho	PSYCHIC	2′0″ (0.61m)	2.2 lbs (1.0 kg)	2.7
 359	Absol	DARK	3′11″ (1.19m)	103.6 lbs (47.0 kg)	33.2
 359	MegaAbsol	DARK	3′11″ (1.19m)	108 lbs (49.0 kg)	34.6
 360	Wynaut	PSYCHIC	2′0″ (0.61m)	30.9 lbs (14.0 kg)	37.6
 361	Snorunt	ICE	2′4″ (0.71m)	37 lbs (16.8 kg)	33.3
 362	Glalie	ICE	4′11″ (1.50m)	565.5 lbs (256.5 kg)	114.0
 363	Spheal	ICE;WATER	2′7″ (0.79m)	87.1 lbs (39.5 kg)	63.3
 364	Sealeo	ICE;WATER	3′7″ (1.09m)	193.1 lbs (87.6 kg)	73.7
 365	Walrein	ICE;WATER	4′7″ (1.40m)	332 lbs (150.6 kg)	76.8
 366	Clamperl	WATER	1′4″ (0.41m)	115.7 lbs (52.5 kg)	312.3
 367	Huntail	WATER	5′7″ (1.70m)	59.5 lbs (27.0 kg)	9.3
 368	Gorebyss	WATER	5′11″ (1.80m)	49.8 lbs (22.6 kg)	7.0
 369	Relicanth	WATER;ROCK	3′3″ (0.99m)	51.6 lbs (23.4 kg)	23.9
 370	Luvdisc	WATER	2′0″ (0.61m)	19.2 lbs (8.7 kg)	23.4
 371	Bagon	DRAGON	2′0″ (0.61m)	92.8 lbs (42.1 kg)	113.1
 372	Shelgon	DRAGON	3′7″ (1.09m)	243.6 lbs (110.5 kg)	93.0
 373	Salamence	DRAGON;FLYING	4′11″ (1.50m)	226.2 lbs (102.6 kg)	45.6
 374	Beldum	STEEL;PSYCHIC	2′0″ (0.61m)	209.9 lbs (95.2 kg)	255.8
 375	Metang	STEEL;PSYCHIC	3′11″ (1.19m)	446.4 lbs (202.5 kg)	143.0
 376	Metagross	STEEL;PSYCHIC	5′3″ (1.60m)	1212.5 lbs (550.0 kg)	214.8
 377	Regirock	ROCK	5′7″ (1.70m)	507.1 lbs (230.0 kg)	79.6
 378	Regice	ICE	5′11″ (1.80m)	385.8 lbs (175.0 kg)	54.0
 379	Registeel	STEEL	6′3″ (1.91m)	451.9 lbs (205.0 kg)	56.2
 380	Latias	DRAGON;PSYCHIC	4′7″ (1.40m)	88.2 lbs (40.0 kg)	20.4
 381	Latios	DRAGON;PSYCHIC	6′7″ (2.01m)	132.3 lbs (60.0 kg)	14.9
 382	Kyogre	WATER	14′9″ (4.50m)	776 lbs (352.0 kg)	17.4
 383	Groudon	GROUND	11′6″ (3.51m)	2094.4 lbs (950.0 kg)	77.1
 384	Rayquaza	DRAGON;FLYING	23′0″ (7.01m)	455.3 lbs (206.5 kg)	4.2
 385	Jirachi	STEEL;PSYCHIC	1′0″ (0.30m)	2.4 lbs (1.1 kg)	12.2
 386	DeoxysNormalForme	PSYCHIC	5′7″ (1.70m)	134 lbs (60.8 kg)	21.0
 386	DeoxysAttackForme	PSYCHIC	5′7″ (1.70m)	134 lbs (60.8 kg)	21.0
 386	DeoxysDefenseForme	PSYCHIC	5′7″ (1.70m)	134 lbs (60.8 kg)	21.0
 386	DeoxysSpeedForme	PSYCHIC	5′7″ (1.70m)	134 lbs (60.8 kg)	21.0
 387	Turtwig	GRASS	1′4″ (0.41m)	22.5 lbs (10.2 kg)	60.7
 388	Grotle	GRASS	3′7″ (1.09m)	213.8 lbs (97.0 kg)	81.6
 389	Torterra	GRASS;GROUND	7′3″ (2.21m)	683.4 lbs (310.0 kg)	63.5
 390	Chimchar	FIRE	1′8″ (0.51m)	13.7 lbs (6.2 kg)	23.8
 391	Monferno	FIRE;FIGHTING	2′11″ (0.89m)	48.5 lbs (22.0 kg)	27.8
 392	Infernape	FIRE;FIGHTING	3′11″ (1.19m)	121.3 lbs (55.0 kg)	38.8
 393	Piplup	WATER	1′4″ (0.41m)	11.5 lbs (5.2 kg)	30.9
 394	Prinplup	WATER	2′7″ (0.79m)	50.7 lbs (23.0 kg)	36.9
 395	Empoleon	WATER;STEEL	5′7″ (1.70m)	186.3 lbs (84.5 kg)	29.2
 396	Starly	NORMAL;FLYING	1′0″ (0.30m)	4.4 lbs (2.0 kg)	22.2
 397	Staravia	NORMAL;FLYING	2′0″ (0.61m)	34.2 lbs (15.5 kg)	41.7
 398	Staraptor	NORMAL;FLYING	3′11″ (1.19m)	54.9 lbs (24.9 kg)	17.6
 399	Bidoof	NORMAL	1′8″ (0.51m)	44.1 lbs (20.0 kg)	76.9
 400	Bibarel	NORMAL;WATER	3′3″ (0.99m)	69.4 lbs (31.5 kg)	32.1
 401	Kricketot	BUG	1′0″ (0.30m)	4.9 lbs (2.2 kg)	24.4
 402	Kricketune	BUG	3′3″ (0.99m)	56.2 lbs (25.5 kg)	26.0
 403	Shinx	ELECTRIC	1′8″ (0.51m)	20.9 lbs (9.5 kg)	36.5
 404	Luxio	ELECTRIC	2′11″ (0.89m)	67.2 lbs (30.5 kg)	38.5
 405	Luxray	ELECTRIC	4′7″ (1.40m)	92.6 lbs (42.0 kg)	21.4
 406	Budew	GRASS;POISON	0′8″ (0.20m)	2.6 lbs (1.2 kg)	30.0
 407	Roserade	GRASS;POISON	2′11″ (0.89m)	32 lbs (14.5 kg)	18.3
 408	Cranidos	ROCK	2′11″ (0.89m)	69.4 lbs (31.5 kg)	39.8
 409	Rampardos	ROCK	5′3″ (1.60m)	226 lbs (102.5 kg)	40.0
 410	Shieldon	ROCK;STEEL	1′8″ (0.51m)	125.7 lbs (57.0 kg)	219.1
 411	Bastiodon	ROCK;STEEL	4′3″ (1.30m)	329.6 lbs (149.5 kg)	88.5
 412	Burmy	BUG	0′8″ (0.20m)	7.5 lbs (3.4 kg)	85.0
 413	WormadamPlantCloak	BUG;GRASS	1′8″ (0.51m)	14.3 lbs (6.5 kg)	25.0
 413	WormadamSandyCloak	BUG;GROUND	1′8″ (0.51m)	14.3 lbs (6.5 kg)	25.0
 413	WormadamTrashCloak	BUG;STEEL	1′8″ (0.51m)	14.3 lbs (6.5 kg)	25.0
 414	Mothim	BUG;FLYING	2′11″ (0.89m)	51.4 lbs (23.3 kg)	29.4
 415	Combee	BUG;FLYING	1′0″ (0.30m)	12.1 lbs (5.5 kg)	61.1
 416	Vespiquen	BUG;FLYING	3′11″ (1.19m)	84.9 lbs (38.5 kg)	27.2
 417	Pachirisu	ELECTRIC	1′4″ (0.41m)	8.6 lbs (3.9 kg)	23.2
 418	Buizel	WATER	2′4″ (0.71m)	65 lbs (29.5 kg)	58.5
 419	Floatzel	WATER	3′7″ (1.09m)	73.9 lbs (33.5 kg)	28.2
 420	Cherubi	GRASS	1′4″ (0.41m)	7.3 lbs (3.3 kg)	19.6
 421	Cherrim	GRASS	1′8″ (0.51m)	20.5 lbs (9.3 kg)	35.8
 422	Shellos	WATER	1′0″ (0.30m)	13.9 lbs (6.3 kg)	70.0
 423	Gastrodon	WATER;GROUND	2′11″ (0.89m)	65.9 lbs (29.9 kg)	37.7
 424	Ambipom	NORMAL	3′11″ (1.19m)	44.8 lbs (20.3 kg)	14.3
 425	Drifloon	GHOST;FLYING	1′4″ (0.41m)	2.6 lbs (1.2 kg)	7.1
 426	Drifblim	GHOST;FLYING	3′11″ (1.19m)	33.1 lbs (15.0 kg)	10.6
 427	Buneary	NORMAL	1′4″ (0.41m)	12.1 lbs (5.5 kg)	32.7
 428	Lopunny	NORMAL	3′11″ (1.19m)	73.4 lbs (33.3 kg)	23.5
 429	Mismagius	GHOST	2′11″ (0.89m)	9.7 lbs (4.4 kg)	5.6
 430	Honchkrow	DARK;FLYING	2′11″ (0.89m)	60.2 lbs (27.3 kg)	34.5
 431	Glameow	NORMAL	1′8″ (0.51m)	8.6 lbs (3.9 kg)	15.0
 432	Purugly	NORMAL	3′3″ (0.99m)	96.6 lbs (43.8 kg)	44.7
 433	Chingling	PSYCHIC	0′8″ (0.20m)	1.3 lbs (0.6 kg)	15.0
 434	Stunky	POISON;DARK	1′4″ (0.41m)	42.3 lbs (19.2 kg)	114.2
 435	Skuntank	POISON;DARK	3′3″ (0.99m)	83.8 lbs (38.0 kg)	38.8
 436	Bronzor	STEEL;PSYCHIC	1′8″ (0.51m)	133.4 lbs (60.5 kg)	232.6
 437	Bronzong	STEEL;PSYCHIC	4′3″ (1.30m)	412.3 lbs (187.0 kg)	110.7
 438	Bonsly	ROCK	1′8″ (0.51m)	33.1 lbs (15.0 kg)	57.7
 439	Mime Jr.	PSYCHIC;FAIRY	2′0″ (0.61m)	28.7 lbs (13.0 kg)	34.9
 440	Happiny	NORMAL	2′0″ (0.61m)	53.8 lbs (24.4 kg)	65.6
 441	Chatot	NORMAL;FLYING	1′8″ (0.51m)	4.2 lbs (1.9 kg)	7.3
 442	Spiritomb	GHOST;DARK	3′3″ (0.99m)	238.1 lbs (108.0 kg)	110.2
 443	Gible	DRAGON;GROUND	2′4″ (0.71m)	45.2 lbs (20.5 kg)	40.7
 444	Gabite	DRAGON;GROUND	4′7″ (1.40m)	123.5 lbs (56.0 kg)	28.6
 445	Garchomp	DRAGON;GROUND	6′3″ (1.91m)	209.4 lbs (95.0 kg)	26.0
 445	MegaGarchomp	DRAGON;GROUND	6′3″ (1.91m)	209.4 lbs (95.0 kg)	26.0
 446	Munchlax	NORMAL	2′0″ (0.61m)	231.5 lbs (105.0 kg)	282.2
 447	Riolu	FIGHTING	2′4″ (0.71m)	44.5 lbs (20.2 kg)	40.1
 448	Lucario	FIGHTING;STEEL	3′11″ (1.19m)	119 lbs (54.0 kg)	38.1
 448	MegaLucario	FIGHTING;STEEL	4′3″ (1.30m)	126.8 lbs (57.5 kg)	34.0
 449	Hippopotas	GROUND	2′7″ (0.79m)	109.1 lbs (49.5 kg)	79.3
 450	Hippowdon	GROUND	6′7″ (2.01m)	661.4 lbs (300.0 kg)	74.3
 451	Skorupi	POISON;BUG	2′7″ (0.79m)	26.5 lbs (12.0 kg)	19.2
 452	Drapion	POISON;DARK	4′3″ (1.30m)	135.6 lbs (61.5 kg)	36.4
 453	Croagunk	POISON;FIGHTING	2′4″ (0.71m)	50.7 lbs (23.0 kg)	45.6
 454	Toxicroak	POISON;FIGHTING	4′3″ (1.30m)	97.9 lbs (44.4 kg)	26.3
 455	Carnivine	GRASS	4′7″ (1.40m)	59.5 lbs (27.0 kg)	13.8
 456	Finneon	WATER	1′4″ (0.41m)	15.4 lbs (7.0 kg)	41.6
 457	Lumineon	WATER	3′11″ (1.19m)	52.9 lbs (24.0 kg)	16.9
 458	Mantyke	WATER;FLYING	3′3″ (0.99m)	143.3 lbs (65.0 kg)	66.3
 459	Snover	GRASS;ICE	3′3″ (0.99m)	111.3 lbs (50.5 kg)	51.5
 460	Abomasnow	GRASS;ICE	7′3″ (2.21m)	298.7 lbs (135.5 kg)	27.7
 460	MegaAbomasnow	GRASS;ICE	8′10″ (2.69m)	407.8 lbs (185.0 kg)	25.6
 461	Weavile	DARK;ICE	3′7″ (1.09m)	75 lbs (34.0 kg)	28.6
 462	Magnezone	ELECTRIC;STEEL	3′11″ (1.19m)	396.8 lbs (180.0 kg)	127.1
 463	Lickilicky	NORMAL	5′7″ (1.70m)	308.6 lbs (140.0 kg)	48.4
 464	Rhyperior	GROUND;ROCK	7′10″ (2.39m)	623.5 lbs (282.8 kg)	49.5
 465	Tangrowth	GRASS	6′7″ (2.01m)	283.5 lbs (128.6 kg)	31.8
 466	Electivire	ELECTRIC	5′11″ (1.80m)	305.6 lbs (138.6 kg)	42.8
 467	Magmortar	FIRE	5′3″ (1.60m)	149.9 lbs (68.0 kg)	26.6
 468	Togekiss	FAIRY;FLYING	4′11″ (1.50m)	83.8 lbs (38.0 kg)	16.9
 469	Yanmega	BUG;FLYING	6′3″ (1.91m)	113.5 lbs (51.5 kg)	14.1
 470	Leafeon	GRASS	3′3″ (0.99m)	56.2 lbs (25.5 kg)	26.0
 471	Glaceon	ICE	2′7″ (0.79m)	57.1 lbs (25.9 kg)	41.5
 472	Gliscor	GROUND;FLYING	6′7″ (2.01m)	93.7 lbs (42.5 kg)	10.5
 473	Mamoswine	ICE;GROUND	8′2″ (2.49m)	641.5 lbs (291.0 kg)	46.9
 474	Porygon-Z	NORMAL	2′11″ (0.89m)	75 lbs (34.0 kg)	42.9
 475	Gallade	PSYCHIC;FIGHTING	5′3″ (1.60m)	114.6 lbs (52.0 kg)	20.3
 476	Probopass	ROCK;STEEL	4′7″ (1.40m)	749.6 lbs (340.0 kg)	173.5
 477	Dusknoir	GHOST	7′3″ (2.21m)	235 lbs (106.6 kg)	21.8
 478	Froslass	ICE;GHOST	4′3″ (1.30m)	58.6 lbs (26.6 kg)	15.7
 479	Rotom	ELECTRIC;GHOST	1′0″ (0.30m)	0.7 lbs (0.3 kg)	3.3
 479	HeatRotom	ELECTRIC;FIRE	1′0″ (0.30m)	0.7 lbs (0.3 kg)	3.3
 479	WashRotom	ELECTRIC;WATER	1′0″ (0.30m)	0.7 lbs (0.3 kg)	3.3
 479	FrostRotom	ELECTRIC;ICE	1′0″ (0.30m)	0.7 lbs (0.3 kg)	3.3
 479	FanRotom	ELECTRIC;FLYING	1′0″ (0.30m)	0.7 lbs (0.3 kg)	3.3
 479	MowRotom	ELECTRIC;GRASS	1′0″ (0.30m)	0.7 lbs (0.3 kg)	3.3
 480	Uxie	PSYCHIC	1′0″ (0.30m)	0.7 lbs (0.3 kg)	3.3
 481	Mesprit	PSYCHIC	1′0″ (0.30m)	0.7 lbs (0.3 kg)	3.3
 482	Azelf	PSYCHIC	1′0″ (0.30m)	0.7 lbs (0.3 kg)	3.3
 483	Dialga	STEEL;DRAGON	17′9″ (5.41m)	1505.8 lbs (683.0 kg)	23.3
 484	Palkia	WATER;DRAGON	13′9″ (4.19m)	740.8 lbs (336.0 kg)	19.1
 485	Heatran	FIRE;STEEL	5′7″ (1.70m)	948 lbs (430.0 kg)	148.8
 486	Regigigas	NORMAL	12′2″ (3.71m)	925.9 lbs (420.0 kg)	30.5
 487	GiratinaAlteredForme	GHOST;DRAGON	14′9″ (4.50m)	1653.5 lbs (750.0 kg)	37.0
 487	GiratinaOriginForme	GHOST;DRAGON	22′8″ (6.91m)	1433 lbs (650.0 kg)	13.6
 488	Cresselia	PSYCHIC	4′11″ (1.50m)	188.7 lbs (85.6 kg)	38.0
 489	Phione	WATER	1′4″ (0.41m)	6.8 lbs (3.1 kg)	18.4
 490	Manaphy	WATER	1′0″ (0.30m)	3.1 lbs (1.4 kg)	15.6
 491	Darkrai	DARK	4′11″ (1.50m)	111.3 lbs (50.5 kg)	22.4
 492	ShayminLandForme	GRASS	0′8″ (0.20m)	4.6 lbs (2.1 kg)	52.5
 492	ShayminSkyForme	GRASS;FLYING	1′4″ (0.41m)	11.5 lbs (5.2 kg)	30.9
 493	Arceus	NORMAL	10′6″ (3.20m)	705.5 lbs (320.0 kg)	31.3
 494	Victini	PSYCHIC;FIRE	1′4″ (0.41m)	8.8 lbs (4.0 kg)	23.8
 495	Snivy	GRASS	2′0″ (0.61m)	17.9 lbs (8.1 kg)	21.8
 496	Servine	GRASS	2′7″ (0.79m)	35.3 lbs (16.0 kg)	25.6
 497	Serperior	GRASS	10′10″ (3.30m)	138.9 lbs (63.0 kg)	5.8
 498	Tepig	FIRE	1′8″ (0.51m)	21.8 lbs (9.9 kg)	38.1
 499	Pignite	FIRE;FIGHTING	3′3″ (0.99m)	122.4 lbs (55.5 kg)	56.6
 500	Emboar	FIRE;FIGHTING	5′3″ (1.60m)	330.7 lbs (150.0 kg)	58.6
 501	Oshawott	WATER	1′8″ (0.51m)	13 lbs (5.9 kg)	22.7
 502	Dewott	WATER	2′7″ (0.79m)	54 lbs (24.5 kg)	39.3
 503	Samurott	WATER	4′11″ (1.50m)	208.6 lbs (94.6 kg)	42.0
 504	Patrat	NORMAL	1′8″ (0.51m)	25.6 lbs (11.6 kg)	44.6
 505	Watchog	NORMAL	3′7″ (1.09m)	59.5 lbs (27.0 kg)	22.7
 506	Lillipup	NORMAL	1′4″ (0.41m)	9 lbs (4.1 kg)	24.4
 507	Herdier	NORMAL	2′11″ (0.89m)	32.4 lbs (14.7 kg)	18.6
 508	Stoutland	NORMAL	3′11″ (1.19m)	134.5 lbs (61.0 kg)	43.1
 509	Purrloin	DARK	1′4″ (0.41m)	22.3 lbs (10.1 kg)	60.1
 510	Liepard	DARK	3′7″ (1.09m)	82.7 lbs (37.5 kg)	31.6
 511	Pansage	GRASS	2′0″ (0.61m)	23.1 lbs (10.5 kg)	28.2
 512	Simisage	GRASS	3′7″ (1.09m)	67.2 lbs (30.5 kg)	25.7
 513	Pansear	FIRE	2′0″ (0.61m)	24.3 lbs (11.0 kg)	29.6
 514	Simisear	FIRE	3′3″ (0.99m)	61.7 lbs (28.0 kg)	28.6
 515	Panpour	WATER	2′0″ (0.61m)	29.8 lbs (13.5 kg)	36.3
 516	Simipour	WATER	3′3″ (0.99m)	63.9 lbs (29.0 kg)	29.6
 517	Munna	PSYCHIC	2′0″ (0.61m)	51.4 lbs (23.3 kg)	62.6
 518	Musharna	PSYCHIC	3′7″ (1.09m)	133.4 lbs (60.5 kg)	50.9
 519	Pidove	NORMAL;FLYING	1′0″ (0.30m)	4.6 lbs (2.1 kg)	23.3
 520	Tranquill	NORMAL;FLYING	2′0″ (0.61m)	33.1 lbs (15.0 kg)	40.3
 521	Unfezant	NORMAL;FLYING	3′11″ (1.19m)	63.9 lbs (29.0 kg)	20.5
 522	Blitzle	ELECTRIC	2′7″ (0.79m)	65.7 lbs (29.8 kg)	47.7
 523	Zebstrika	ELECTRIC	5′3″ (1.60m)	175.3 lbs (79.5 kg)	31.1
 524	Roggenrola	ROCK	1′4″ (0.41m)	39.7 lbs (18.0 kg)	107.1
 525	Boldore	ROCK	2′11″ (0.89m)	224.9 lbs (102.0 kg)	128.8
 526	Gigalith	ROCK	5′7″ (1.70m)	573.2 lbs (260.0 kg)	90.0
 527	Woobat	PSYCHIC;FLYING	1′4″ (0.41m)	4.6 lbs (2.1 kg)	12.5
 528	Swoobat	PSYCHIC;FLYING	2′11″ (0.89m)	23.1 lbs (10.5 kg)	13.3
 529	Drilbur	GROUND	1′0″ (0.30m)	18.7 lbs (8.5 kg)	94.4
 530	Excadrill	GROUND;STEEL	2′4″ (0.71m)	89.1 lbs (40.4 kg)	80.1
 531	Audino	NORMAL	3′7″ (1.09m)	68.3 lbs (31.0 kg)	26.1
 532	Timburr	FIGHTING	2′0″ (0.61m)	27.6 lbs (12.5 kg)	33.6
 533	Gurdurr	FIGHTING	3′11″ (1.19m)	88.2 lbs (40.0 kg)	28.2
 534	Conkeldurr	FIGHTING	4′7″ (1.40m)	191.8 lbs (87.0 kg)	44.4
 535	Tympole	WATER	1′8″ (0.51m)	9.9 lbs (4.5 kg)	17.3
 536	Palpitoad	WATER;GROUND	2′7″ (0.79m)	37.5 lbs (17.0 kg)	27.2
 537	Seismitoad	WATER;GROUND	4′11″ (1.50m)	136.7 lbs (62.0 kg)	27.6
 538	Throh	FIGHTING	4′3″ (1.30m)	122.4 lbs (55.5 kg)	32.8
 539	Sawk	FIGHTING	4′7″ (1.40m)	112.4 lbs (51.0 kg)	26.0
 540	Sewaddle	BUG;GRASS	1′0″ (0.30m)	5.5 lbs (2.5 kg)	27.8
 541	Swadloon	BUG;GRASS	1′8″ (0.51m)	16.1 lbs (7.3 kg)	28.1
 542	Leavanny	BUG;GRASS	3′11″ (1.19m)	45.2 lbs (20.5 kg)	14.5
 543	Venipede	BUG;POISON	1′4″ (0.41m)	11.7 lbs (5.3 kg)	31.5
 544	Whirlipede	BUG;POISON	3′11″ (1.19m)	129 lbs (58.5 kg)	41.3
 545	Scolipede	BUG;POISON	8′2″ (2.49m)	442 lbs (200.5 kg)	32.3
 546	Cottonee	GRASS;FAIRY	1′0″ (0.30m)	1.3 lbs (0.6 kg)	6.7
 547	Whimsicott	GRASS;FAIRY	2′4″ (0.71m)	14.6 lbs (6.6 kg)	13.1
 548	Petilil	GRASS	1′8″ (0.51m)	14.6 lbs (6.6 kg)	25.4
 549	Lilligant	GRASS	3′7″ (1.09m)	35.9 lbs (16.3 kg)	13.7
 550	Basculin	WATER	3′3″ (0.99m)	39.7 lbs (18.0 kg)	18.4
 551	Sandile	GROUND;DARK	2′4″ (0.71m)	33.5 lbs (15.2 kg)	30.2
 552	Krokorok	GROUND;DARK	3′3″ (0.99m)	73.6 lbs (33.4 kg)	34.1
 553	Krookodile	GROUND;DARK	4′11″ (1.50m)	212.3 lbs (96.3 kg)	42.8
 554	Darumaka	FIRE	2′0″ (0.61m)	82.7 lbs (37.5 kg)	100.8
 555	DarmanitanStandardMode	FIRE	4′3″ (1.30m)	204.8 lbs (92.9 kg)	55.0
 555	DarmanitanZenMode	FIRE;PSYCHIC	4′3″ (1.30m)	204.8 lbs (92.9 kg)	55.0
 556	Maractus	GRASS	3′3″ (0.99m)	61.7 lbs (28.0 kg)	28.6
 557	Dwebble	BUG;ROCK	1′0″ (0.30m)	32 lbs (14.5 kg)	161.1
 558	Crustle	BUG;ROCK	4′7″ (1.40m)	440.9 lbs (200.0 kg)	102.0
 559	Scraggy	DARK;FIGHTING	2′0″ (0.61m)	26 lbs (11.8 kg)	31.7
 560	Scrafty	DARK;FIGHTING	3′7″ (1.09m)	66.1 lbs (30.0 kg)	25.3
 561	Sigilyph	PSYCHIC;FLYING	4′7″ (1.40m)	30.9 lbs (14.0 kg)	7.1
 562	Yamask	GHOST	1′8″ (0.51m)	3.3 lbs (1.5 kg)	5.8
 563	Cofagrigus	GHOST	5′7″ (1.70m)	168.7 lbs (76.5 kg)	26.5
 564	Tirtouga	WATER;ROCK	2′4″ (0.71m)	36.4 lbs (16.5 kg)	32.7
 565	Carracosta	WATER;ROCK	3′11″ (1.19m)	178.6 lbs (81.0 kg)	57.2
 566	Archen	ROCK;FLYING	1′8″ (0.51m)	20.9 lbs (9.5 kg)	36.5
 567	Archeops	ROCK;FLYING	4′7″ (1.40m)	70.5 lbs (32.0 kg)	16.3
 568	Trubbish	POISON	2′0″ (0.61m)	68.3 lbs (31.0 kg)	83.3
 569	Garbodor	POISON	6′3″ (1.91m)	236.6 lbs (107.3 kg)	29.4
 570	Zorua	DARK	2′4″ (0.71m)	27.6 lbs (12.5 kg)	24.8
 571	Zoroark	DARK	5′3″ (1.60m)	178.8 lbs (81.1 kg)	31.7
 572	Minccino	NORMAL	1′4″ (0.41m)	12.8 lbs (5.8 kg)	34.5
 573	Cinccino	NORMAL	1′8″ (0.51m)	16.5 lbs (7.5 kg)	28.8
 574	Gothita	PSYCHIC	1′4″ (0.41m)	12.8 lbs (5.8 kg)	34.5
 575	Gothorita	PSYCHIC	2′4″ (0.71m)	39.7 lbs (18.0 kg)	35.7
 576	Gothitelle	PSYCHIC	4′11″ (1.50m)	97 lbs (44.0 kg)	19.6
 577	Solosis	PSYCHIC	1′0″ (0.30m)	2.2 lbs (1.0 kg)	11.1
 578	Duosion	PSYCHIC	2′0″ (0.61m)	17.6 lbs (8.0 kg)	21.5
 579	Reuniclus	PSYCHIC	3′3″ (0.99m)	44.3 lbs (20.1 kg)	20.5
 580	Ducklett	WATER;FLYING	1′8″ (0.51m)	12.1 lbs (5.5 kg)	21.1
 581	Swanna	WATER;FLYING	4′3″ (1.30m)	53.4 lbs (24.2 kg)	14.3
 582	Vanillite	ICE	1′4″ (0.41m)	12.6 lbs (5.7 kg)	33.9
 583	Vanillish	ICE	3′7″ (1.09m)	90.4 lbs (41.0 kg)	34.5
 584	Vanilluxe	ICE	4′3″ (1.30m)	126.8 lbs (57.5 kg)	34.0
 585	Deerling	NORMAL;GRASS	2′0″ (0.61m)	43 lbs (19.5 kg)	52.4
 586	Sawsbuck	NORMAL;GRASS	6′3″ (1.91m)	203.9 lbs (92.5 kg)	25.4
 587	Emolga	ELECTRIC;FLYING	1′4″ (0.41m)	11 lbs (5.0 kg)	29.7
 588	Karrablast	BUG	1′8″ (0.51m)	13 lbs (5.9 kg)	22.7
 589	Escavalier	BUG;STEEL	3′3″ (0.99m)	72.8 lbs (33.0 kg)	33.7
 590	Foongus	GRASS;POISON	0′8″ (0.20m)	2.2 lbs (1.0 kg)	25.0
 591	Amoonguss	GRASS;POISON	2′0″ (0.61m)	23.1 lbs (10.5 kg)	28.2
 592	Frillish	WATER;GHOST	3′11″ (1.19m)	72.8 lbs (33.0 kg)	23.3
 593	Jellicent	WATER;GHOST	7′3″ (2.21m)	297.6 lbs (135.0 kg)	27.6
 594	Alomomola	WATER	3′11″ (1.19m)	69.7 lbs (31.6 kg)	22.3
 595	Joltik	BUG;ELECTRIC	0′4″ (0.10m)	1.3 lbs (0.6 kg)	60.0
 596	Galvantula	BUG;ELECTRIC	2′7″ (0.79m)	31.5 lbs (14.3 kg)	22.9
 597	Ferroseed	GRASS;STEEL	2′0″ (0.61m)	41.4 lbs (18.8 kg)	50.5
 598	Ferrothorn	GRASS;STEEL	3′3″ (0.99m)	242.5 lbs (110.0 kg)	112.2
 599	Klink	STEEL	1′0″ (0.30m)	46.3 lbs (21.0 kg)	233.3
 600	Klang	STEEL	2′0″ (0.61m)	112.4 lbs (51.0 kg)	137.1
 601	Klinklang	STEEL	2′0″ (0.61m)	178.6 lbs (81.0 kg)	217.7
 602	Tynamo	ELECTRIC	0′8″ (0.20m)	0.7 lbs (0.3 kg)	7.5
 603	Eelektrik	ELECTRIC	3′11″ (1.19m)	48.5 lbs (22.0 kg)	15.5
 604	Eelektross	ELECTRIC	6′11″ (2.11m)	177.5 lbs (80.5 kg)	18.1
 605	Elgyem	PSYCHIC	1′8″ (0.51m)	19.8 lbs (9.0 kg)	34.6
 606	Beheeyem	PSYCHIC	3′3″ (0.99m)	76.1 lbs (34.5 kg)	35.2
 607	Litwick	GHOST;FIRE	1′0″ (0.30m)	6.8 lbs (3.1 kg)	34.4
 608	Lampent	GHOST;FIRE	2′0″ (0.61m)	28.7 lbs (13.0 kg)	34.9
 609	Chandelure	GHOST;FIRE	3′3″ (0.99m)	75.6 lbs (34.3 kg)	35.0
 610	Axew	DRAGON	2′0″ (0.61m)	39.7 lbs (18.0 kg)	48.4
 611	Fraxure	DRAGON	3′3″ (0.99m)	79.4 lbs (36.0 kg)	36.7
 612	Haxorus	DRAGON	5′11″ (1.80m)	232.6 lbs (105.5 kg)	32.6
 613	Cubchoo	ICE	1′8″ (0.51m)	18.7 lbs (8.5 kg)	32.7
 614	Beartic	ICE	8′6″ (2.59m)	573.2 lbs (260.0 kg)	38.8
 615	Cryogonal	ICE	3′7″ (1.09m)	326.3 lbs (148.0 kg)	124.6
 616	Shelmet	BUG	1′4″ (0.41m)	17 lbs (7.7 kg)	45.8
 617	Accelgor	BUG	2′7″ (0.79m)	55.8 lbs (25.3 kg)	40.5
 618	Stunfisk	ELECTRIC;GROUND	2′4″ (0.71m)	24.3 lbs (11.0 kg)	21.8
 619	Mienfoo	FIGHTING	2′11″ (0.89m)	44.1 lbs (20.0 kg)	25.2
 620	Mienshao	FIGHTING	4′7″ (1.40m)	78.3 lbs (35.5 kg)	18.1
 621	Druddigon	DRAGON	5′3″ (1.60m)	306.4 lbs (139.0 kg)	54.3
 622	Golett	GROUND;GHOST	3′3″ (0.99m)	202.8 lbs (92.0 kg)	93.9
 623	Golurk	GROUND;GHOST	9′2″ (2.79m)	727.5 lbs (330.0 kg)	42.4
 624	Pawniard	DARK;STEEL	1′8″ (0.51m)	22.5 lbs (10.2 kg)	39.2
 625	Bisharp	DARK;STEEL	5′3″ (1.60m)	154.3 lbs (70.0 kg)	27.3
 626	Bouffalant	NORMAL	5′3″ (1.60m)	208.6 lbs (94.6 kg)	37.0
 627	Rufflet	NORMAL;FLYING	1′8″ (0.51m)	23.1 lbs (10.5 kg)	40.4
 628	Braviary	NORMAL;FLYING	4′11″ (1.50m)	90.4 lbs (41.0 kg)	18.2
 629	Vullaby	DARK;FLYING	1′8″ (0.51m)	19.8 lbs (9.0 kg)	34.6
 630	Mandibuzz	DARK;FLYING	3′11″ (1.19m)	87.1 lbs (39.5 kg)	27.9
 631	Heatmor	FIRE	4′7″ (1.40m)	127.9 lbs (58.0 kg)	29.6
 632	Durant	BUG;STEEL	1′0″ (0.30m)	72.8 lbs (33.0 kg)	366.7
 633	Deino	DARK;DRAGON	2′7″ (0.79m)	38.1 lbs (17.3 kg)	27.7
 634	Zweilous	DARK;DRAGON	4′7″ (1.40m)	110.2 lbs (50.0 kg)	25.5
 635	Hydreigon	DARK;DRAGON	5′11″ (1.80m)	352.7 lbs (160.0 kg)	49.4
 636	Larvesta	BUG;FIRE	3′7″ (1.09m)	63.5 lbs (28.8 kg)	24.2
 637	Volcarona	BUG;FIRE	5′3″ (1.60m)	101.4 lbs (46.0 kg)	18.0
 638	Cobalion	STEEL;FIGHTING	6′11″ (2.11m)	551.2 lbs (250.0 kg)	56.2
 639	Terrakion	ROCK;FIGHTING	6′3″ (1.91m)	573.2 lbs (260.0 kg)	71.3
 640	Virizion	GRASS;FIGHTING	6′7″ (2.01m)	440.9 lbs (200.0 kg)	49.5
 641	TornadusIncarnateForme	FLYING	4′11″ (1.50m)	138.9 lbs (63.0 kg)	28.0
 641	TornadusTherianForme	FLYING	4′7″ (1.40m)	138.9 lbs (63.0 kg)	32.1
 642	ThundurusIncarnateForme	ELECTRIC;FLYING	4′11″ (1.50m)	134.5 lbs (61.0 kg)	27.1
 642	ThundurusTherianForme	ELECTRIC;FLYING	9′10″ (3.00m)	134.5 lbs (61.0 kg)	6.8
 643	Reshiram	DRAGON;FIRE	10′6″ (3.20m)	727.5 lbs (330.0 kg)	32.2
 644	Zekrom	DRAGON;ELECTRIC	9′6″ (2.90m)	760.6 lbs (345.0 kg)	41.0
 645	LandorusIncarnateForme	GROUND;FLYING	4′11″ (1.50m)	149.9 lbs (68.0 kg)	30.2
 645	LandorusTherianForme	GROUND;FLYING	4′3″ (1.30m)	149.9 lbs (68.0 kg)	40.2
 646	Kyurem	DRAGON;ICE	9′10″ (3.00m)	716.5 lbs (325.0 kg)	36.1
 646	WhiteKyurem	DRAGON;ICE	11′10″ (3.61m)	716.5 lbs (325.0 kg)	24.9
 646	BlackKyurem	DRAGON;ICE	10′10″ (3.30m)	716.5 lbs (325.0 kg)	29.8
 647	KeldeoOrdinaryForme	WATER;FIGHTING	4′7″ (1.40m)	106.9 lbs (48.5 kg)	24.7
 647	KeldeoResoluteForme	WATER;FIGHTING	4′7″ (1.40m)	106.9 lbs (48.5 kg)	24.7
 648	MeloettaAriaForme	NORMAL;PSYCHIC	2′0″ (0.61m)	14.3 lbs (6.5 kg)	17.5
 648	MeloettaPirouetteForme	NORMAL;FIGHTING	2′0″ (0.61m)	14.3 lbs (6.5 kg)	17.5
 649	Genesect	BUG;STEEL	4′11″ (1.50m)	181.9 lbs (82.5 kg)	36.7
 650	Chespin	GRASS	1′4″ (0.41m)	19.8 lbs (9.0 kg)	53.5
 651	Quilladin	GRASS	2′4″ (0.71m)	63.9 lbs (29.0 kg)	57.5
 652	Chesnaught	GRASS;FIGHTING	5′3″ (1.60m)	198.4 lbs (90.0 kg)	35.2
 653	Fennekin	FIRE	1′4″ (0.41m)	20.7 lbs (9.4 kg)	55.9
 654	Braixen	FIRE	3′3″ (0.99m)	32 lbs (14.5 kg)	14.8
 655	Delphox	FIRE;PSYCHIC	4′11″ (1.50m)	86 lbs (39.0 kg)	17.3
 656	Froakie	WATER	1′0″ (0.30m)	15.4 lbs (7.0 kg)	77.8
 657	Frogadier	WATER	2′0″ (0.61m)	24 lbs (10.9 kg)	29.3
 658	Greninja	WATER;DARK	4′11″ (1.50m)	88.2 lbs (40.0 kg)	17.8
 659	Bunnelby	NORMAL	1′4″ (0.41m)	11 lbs (5.0 kg)	29.7
 660	Diggersby	NORMAL;GROUND	3′3″ (0.99m)	93.5 lbs (42.4 kg)	43.3
 661	Fletchling	NORMAL;FLYING	1′0″ (0.30m)	3.7 lbs (1.7 kg)	18.9
 662	Fletchinder	FIRE;FLYING	2′4″ (0.71m)	35.3 lbs (16.0 kg)	31.7
 663	Talonflame	FIRE;FLYING	3′11″ (1.19m)	54 lbs (24.5 kg)	17.3
 664	Scatterbug	BUG	1′0″ (0.30m)	5.5 lbs (2.5 kg)	27.8
 665	Spewpa	BUG	1′0″ (0.30m)	18.5 lbs (8.4 kg)	93.3
 666	Vivillon	BUG;FLYING	3′11″ (1.19m)	37.5 lbs (17.0 kg)	12.0
 667	Litleo	FIRE;NORMAL	2′0″ (0.61m)	29.8 lbs (13.5 kg)	36.3
 668	Pyroar	FIRE;NORMAL	4′11″ (1.50m)	179.7 lbs (81.5 kg)	36.2
 669	Flabébé	FAIRY	0′4″ (0.10m)	0.2 lbs (0.1 kg)	10.0
 670	Floette	FAIRY	0′8″ (0.20m)	2 lbs (0.9 kg)	22.5
 671	Florges	FAIRY	3′7″ (1.09m)	22 lbs (10.0 kg)	8.4
 672	Skiddo	GRASS	2′11″ (0.89m)	68.3 lbs (31.0 kg)	39.1
 673	Gogoat	GRASS	5′7″ (1.70m)	200.6 lbs (91.0 kg)	31.5
 674	Pancham	FIGHTING	2′0″ (0.61m)	17.6 lbs (8.0 kg)	21.5
 675	Pangoro	FIGHTING;DARK	6′11″ (2.11m)	299.8 lbs (136.0 kg)	30.5
 676	Furfrou	NORMAL	3′11″ (1.19m)	61.7 lbs (28.0 kg)	19.8
 677	Espurr	PSYCHIC	1′0″ (0.30m)	7.7 lbs (3.5 kg)	38.9
 678	MeowsticMale	PSYCHIC	2′0″ (0.61m)	18.7 lbs (8.5 kg)	22.8
 678	MeowsticFemale	PSYCHIC	2′0″ (0.61m)	18.7 lbs (8.5 kg)	22.8
 679	Honedge	STEEL;GHOST	2′7″ (0.79m)	4.4 lbs (2.0 kg)	3.2
 680	Doublade	STEEL;GHOST	2′9″ (0.84m)	9.9 lbs (4.5 kg)	6.4
 681	AegislashBlade Forme	STEEL;GHOST	5′7″ (1.70m)	116.8 lbs (53.0 kg)	18.3
 681	AegislashShieldForme	STEEL;GHOST	5′7″ (1.70m)	116.8 lbs (53.0 kg)	18.3
 682	Spritzee	FAIRY	0′8″ (0.20m)	1.1 lbs (0.5 kg)	12.5
 683	Aromatisse	FAIRY	2′7″ (0.79m)	34.2 lbs (15.5 kg)	24.8
 684	Swirlix	FAIRY	1′4″ (0.41m)	7.7 lbs (3.5 kg)	20.8
 685	Slurpuff	FAIRY	2′7″ (0.79m)	11 lbs (5.0 kg)	8.0
 686	Inkay	DARK;PSYCHIC	1′4″ (0.41m)	7.7 lbs (3.5 kg)	20.8
 687	Malamar	DARK;PSYCHIC	4′11″ (1.50m)	103.6 lbs (47.0 kg)	20.9
 688	Binacle	ROCK;WATER	1′8″ (0.51m)	68.3 lbs (31.0 kg)	119.2
 689	Barbaracle	ROCK;WATER	4′3″ (1.30m)	211.6 lbs (96.0 kg)	56.8
 690	Skrelp	POISON;WATER	1′8″ (0.51m)	16.1 lbs (7.3 kg)	28.1
 691	Dragalge	POISON;DRAGON	5′11″ (1.80m)	179.7 lbs (81.5 kg)	25.2
 692	Clauncher	WATER	1′8″ (0.51m)	18.3 lbs (8.3 kg)	31.9
 693	Clawitzer	WATER	4′3″ (1.30m)	77.8 lbs (35.3 kg)	20.9
 694	Helioptile	ELECTRIC;NORMAL	1′8″ (0.51m)	13.2 lbs (6.0 kg)	23.1
 695	Heliolisk	ELECTRIC;NORMAL	3′3″ (0.99m)	46.3 lbs (21.0 kg)	21.4
 696	Tyrunt	ROCK;DRAGON	2′7″ (0.79m)	57.3 lbs (26.0 kg)	41.7
 697	Tyrantrum	ROCK;DRAGON	8′2″ (2.49m)	595.2 lbs (270.0 kg)	43.5
 698	Amaura	ROCK;ICE	4′3″ (1.30m)	55.6 lbs (25.2 kg)	14.9
 699	Aurorus	ROCK;ICE	8′10″ (2.69m)	496 lbs (225.0 kg)	31.1
 700	Sylveon	FAIRY	3′3″ (0.99m)	51.8 lbs (23.5 kg)	24.0
 701	Hawlucha	FIGHTING;FLYING	2′7″ (0.79m)	47.4 lbs (21.5 kg)	34.4
 702	Dedenne	ELECTRIC;FAIRY	0′8″ (0.20m)	4.9 lbs (2.2 kg)	55.0
 703	Carbink	ROCK;FAIRY	1′0″ (0.30m)	12.6 lbs (5.7 kg)	63.3
 704	Goomy	DRAGON	1′0″ (0.30m)	6.2 lbs (2.8 kg)	31.1
 705	Sliggoo	DRAGON	2′7″ (0.79m)	38.6 lbs (17.5 kg)	28.0
 706	Goodra	DRAGON	6′7″ (2.01m)	331.8 lbs (150.5 kg)	37.3
 707	Klefki	STEEL;FAIRY	0′8″ (0.20m)	6.6 lbs (3.0 kg)	75.0
 708	Phantump	GHOST;GRASS	1′4″ (0.41m)	15.4 lbs (7.0 kg)	41.6
 709	Trevenant	GHOST;GRASS	4′11″ (1.50m)	156.5 lbs (71.0 kg)	31.6
 710	PumpkabooAverageSize	GHOST;GRASS	1′4″ (0.41m)	11 lbs (5.0 kg)	29.7
 710	PumpkabooSmallSize	GHOST;GRASS	1′4″ (0.41m)	11 lbs (5.0 kg)	29.7
 710	PumpkabooLargeSize	GHOST;GRASS	1′4″ (0.41m)	11 lbs (5.0 kg)	29.7
 710	PumpkabooSuperSize	GHOST;GRASS	1′4″ (0.41m)	11 lbs (5.0 kg)	29.7
 711	GourgeistAverageSize	GHOST;GRASS	5′7″ (1.70m)	86 lbs (39.0 kg)	13.5
 711	GourgeistSmallSize	GHOST;GRASS	5′7″ (1.70m)	86 lbs (39.0 kg)	13.5
 711	GourgeistLargeSize	GHOST;GRASS	5′7″ (1.70m)	86 lbs (39.0 kg)	13.5
 711	GourgeistSuperSize	GHOST;GRASS	5′7″ (1.70m)	86 lbs (39.0 kg)	13.5
 712	Bergmite	ICE	3′3″ (0.99m)	219.4 lbs (99.5 kg)	101.5
 713	Avalugg	ICE	6′7″ (2.01m)	1113.3 lbs (505.0 kg)	125.0
 714	Noibat	FLYING;DRAGON	1′8″ (0.51m)	17.6 lbs (8.0 kg)	30.8
 715	Noivern	FLYING;DRAGON	4′11″ (1.50m)	187.4 lbs (85.0 kg)	37.8
 716	Xerneas	FAIRY	9′10″ (3.00m)	474 lbs (215.0 kg)	23.9
 717	Yveltal	DARK;FLYING	19′0″ (5.79m)	447.5 lbs (203.0 kg)	6.1
 718	Zygarde	DRAGON;GROUND	16′5″ (5.00m)	672.4 lbs (305.0 kg)	12.2
